Type;Make;Model;Vehicle Class;CO2 Emissions(g/km)
Car;ACURA;ILX;COMPACT;199
Car;ACURA;MDX SH-AWD;SUV - SMALL;254
Car;ACURA;MDX SH-AWD A-SPEC;SUV - SMALL;258
Car;ACURA;MDX Hybrid AWD;SUV - SMALL;210
Car;ACURA;RDX AWD;SUV - SMALL;232
Car;ACURA;RDX AWD A-SPEC;SUV - SMALL;241
Car;ACURA;RLX Hybrid;MID-SIZE;196
Car;ACURA;TLX A-SPEC;COMPACT;209
Car;ACURA;TLX SH-AWD;COMPACT;228
Car;ACURA;TLX SH-AWD A-SPEC/Limited Edition;COMPACT;240
Car;ALFA ROMEO;4C Spider;TWO-SEATER;197
Car;ALFA ROMEO;Giulia;MID-SIZE;205
Car;ALFA ROMEO;Giulia AWD;MID-SIZE;217
Car;ALFA ROMEO;Giulia Quadrifoglio;MID-SIZE;271
Car;ALFA ROMEO;Stelvio;SUV - SMALL;218
Car;ALFA ROMEO;Stelvio AWD;SUV - SMALL;226
Car;ALFA ROMEO;Stelvio AWD Quadrifoglio;SUV - SMALL;288
Car;ASTON MARTIN;DB11 V8;MINICOMPACT;271
Car;ASTON MARTIN;DB11 AMR;MINICOMPACT;312
Car;ASTON MARTIN;DBS Superleggera;MINICOMPACT;324
Car;ASTON MARTIN;Vantage V8;TWO-SEATER;270
Car;ASTON MARTIN;Vantage V8;TWO-SEATER;333
Car;AUDI;A3;SUBCOMPACT;182
Car;AUDI;A3 quattro;SUBCOMPACT;224
Car;AUDI;A3 Cabriolet quattro;SUBCOMPACT;224
Car;AUDI;A4 quattro;COMPACT;205
Car;AUDI;A4 allroad quattro;STATION WAGON - SMALL;206
Car;AUDI;A5 quattro;SUBCOMPACT;205
Car;AUDI;A5 Cabriolet quattro;SUBCOMPACT;206
Car;AUDI;A5 Sportback quattro;MID-SIZE;205
Car;AUDI;A6 quattro;MID-SIZE;205
Car;AUDI;A6 quattro;MID-SIZE;226
Car;AUDI;A6 allroad;MID-SIZE;247
Car;AUDI;A7 quattro;MID-SIZE;226
Car;AUDI;A8L;FULL-SIZE;267
Car;AUDI;A8L;FULL-SIZE;308
Car;AUDI;Q3 quattro;SUV - SMALL;248
Car;AUDI;Q5;SUV - SMALL;226
Car;AUDI;Q7;SUV - STANDARD;296
Car;AUDI;Q8;SUV - STANDARD;296
Car;AUDI;R8 Coupe;TWO-SEATER;347
Car;AUDI;R8 Spyder;TWO-SEATER;347
Car;AUDI;RS 3;SUBCOMPACT;243
Car;AUDI;S3;SUBCOMPACT;222
Car;AUDI;S4;COMPACT;245
Car;AUDI;S5;SUBCOMPACT;245
Car;AUDI;S5 Cabriolet;SUBCOMPACT;252
Car;AUDI;S5 Sportback;MID-SIZE;245
Car;AUDI;S6;MID-SIZE;255
Car;AUDI;S7;MID-SIZE;255
Car;AUDI;S8;FULL-SIZE;339
Car;AUDI;SQ5;SUV - SMALL;276
Car;AUDI;TT Coupe quattro;SUBCOMPACT;213
Car;AUDI;TT Roadster quattro;TWO-SEATER;213
Car;AUDI;TT RS;SUBCOMPACT;241
Car;AUDI;TTS Coupe;SUBCOMPACT;220
Car;BENTLEY;Bentayga;SUV - STANDARD;315
Car;BENTLEY;Bentayga;SUV - STANDARD;401
Car;BENTLEY;Continental GT;COMPACT;291
Car;BENTLEY;Continental GT;COMPACT;364
Car;BENTLEY;Continental GT Convertible;SUBCOMPACT;291
Car;BENTLEY;Continental GT Convertible;SUBCOMPACT;373
Car;BENTLEY;Flying Spur;MID-SIZE;373
Car;BMW;230i Cabriolet;SUBCOMPACT;204
Car;BMW;230i xDrive Cabriolet;SUBCOMPACT;219
Car;BMW;230i Coupe;SUBCOMPACT;200
Car;BMW;230i xDrive Coupe;SUBCOMPACT;219
Car;BMW;330i xDrive Sedan;COMPACT;195
Car;BMW;430i xDrive Cabriolet;SUBCOMPACT;213
Car;BMW;430i Coupe;COMPACT;204
Car;BMW;430i xDrive Coupe;COMPACT;219
Car;BMW;430i xDrive Gran Coupe;COMPACT;219
Car;BMW;440i xDrive Cabriolet;SUBCOMPACT;249
Car;BMW;440i Coupe;COMPACT;231
Car;BMW;440i xDrive Coupe;COMPACT;233
Car;BMW;440i xDrive Coupe;COMPACT;257
Car;BMW;440i xDrive Gran Coupe;COMPACT;233
Car;BMW;530i xDrive Sedan;MID-SIZE;206
Car;BMW;540i xDrive Sedan;MID-SIZE;222
Car;BMW;750i xDrive Sedan;FULL-SIZE;290
Car;BMW;750Li xDrive Sedan;FULL-SIZE;290
Car;BMW;Alpina B7 xDrive;FULL-SIZE;290
Car;BMW;M2 Competition;SUBCOMPACT;290
Car;BMW;M2 Competition;SUBCOMPACT;273
Car;BMW;M240i Cabriolet;SUBCOMPACT;231
Car;BMW;M240i Cabriolet;SUBCOMPACT;255
Car;BMW;M240i xDrive Cabriolet;SUBCOMPACT;233
Car;BMW;M240i Coupe;SUBCOMPACT;231
Car;BMW;M240i Coupe M Performance;SUBCOMPACT;231
Car;BMW;M240i Coupe;SUBCOMPACT;255
Car;BMW;M240i Coupe M Performance;SUBCOMPACT;255
Car;BMW;M240i xDrive Coupe;SUBCOMPACT;233
Car;BMW;M240i xDrive Coupe M Performance;SUBCOMPACT;233
Car;BMW;M340i xDrive Sedan;COMPACT;233
Car;BMW;M4 Cabriolet;SUBCOMPACT;299
Car;BMW;M4 Cabriolet Competition;SUBCOMPACT;299
Car;BMW;M4 Cabriolet;SUBCOMPACT;280
Car;BMW;M4 Cabriolet Competition;SUBCOMPACT;280
Car;BMW;M4 Coupe;COMPACT;290
Car;BMW;M4 Coupe Competition;COMPACT;290
Car;BMW;M4 Coupe;COMPACT;273
Car;BMW;M4 Coupe Competition;COMPACT;273
Car;BMW;M4 CS;COMPACT;290
Car;BMW;M5 Sedan;MID-SIZE;322
Car;BMW;M5 Competition;MID-SIZE;322
Car;BMW;M550i xDrive Sedan;MID-SIZE;273
Car;BMW;M760i xDrive Sedan;FULL-SIZE;354
Car;BMW;M8 Cabriolet;SUBCOMPACT;322
Car;BMW;M8 Cabriolet Competition;SUBCOMPACT;322
Car;BMW;M8 Coupe;SUBCOMPACT;322
Car;BMW;M8 Coupe Competition;SUBCOMPACT;322
Car;BMW;M8 Gran Coupe;MID-SIZE;322
Car;BMW;M8 Gran Coupe Competition;MID-SIZE;322
Car;BMW;M850i xDrive Cabriolet;SUBCOMPACT;290
Car;BMW;M850i xDrive Coupe;SUBCOMPACT;273
Car;BMW;M850i xDrive Gran Coupe;MID-SIZE;290
Car;BMW;X1 xDrive28i;SUV - SMALL;213
Car;BMW;X2 xDrive28i;SUV - SMALL;207
Car;BMW;X2 M35i;SUV - SMALL;210
Car;BMW;X3 xDrive30i;SUV - SMALL;215
Car;BMW;X3 M;SUV - SMALL;339
Car;BMW;X3 M Competition;SUV - SMALL;339
Car;BMW;X3 M40i;SUV - SMALL;235
Car;BMW;X4 xDrive30i;SUV - SMALL;215
Car;BMW;X4 M;SUV - SMALL;339
Car;BMW;X4 M Competition;SUV - SMALL;339
Car;BMW;X4 M40i;SUV - SMALL;235
Car;BMW;X5 xDrive40i;SUV - STANDARD;245
Car;BMW;X5 xDrive50i;SUV - STANDARD;302
Car;BMW;X5 M50i;SUV - STANDARD;302
Car;BMW;X6 xDrive40i;SUV - STANDARD;245
Car;BMW;X6 M50i;SUV - STANDARD;302
Car;BMW;X7 xDrive40i;SUV - STANDARD;254
Car;BMW;X7 xDrive50i;SUV - STANDARD;318
Car;BMW;X7 M50i;SUV - STANDARD;318
Car;BMW;Z4 sDrive30i;TWO-SEATER;200
Car;BMW;Z4 M40i;TWO-SEATER;216
Car;BUGATTI;Chiron;TWO-SEATER;522
Car;BUICK;Enclave;SUV - STANDARD;263
Car;BUICK;Enclave AWD;SUV - STANDARD;277
Car;BUICK;Encore;SUV - SMALL;204
Car;BUICK;Encore AWD;SUV - SMALL;214
Car;BUICK;Encore GX;SUV - SMALL;198
Car;BUICK;Encore GX AWD;SUV - SMALL;199
Car;BUICK;Envision AWD;SUV - SMALL;250
Car;BUICK;Envision AWD;SUV - SMALL;234
Car;BUICK;Regal;MID-SIZE;211
Car;BUICK;Regal AWD;MID-SIZE;227
Car;BUICK;Regal AWD;MID-SIZE;255
Car;CADILLAC;CT4;COMPACT;203
Car;CADILLAC;CT4;COMPACT;232
Car;CADILLAC;CT4 AWD;COMPACT;213
Car;CADILLAC;CT4 AWD;COMPACT;238
Car;CADILLAC;CT4-V;COMPACT;234
Car;CADILLAC;CT4-V AWD;COMPACT;238
Car;CADILLAC;CT5;MID-SIZE;209
Car;CADILLAC;CT5;MID-SIZE;256
Car;CADILLAC;CT5 AWD;MID-SIZE;221
Car;CADILLAC;CT5 AWD;MID-SIZE;268
Car;CADILLAC;CT5-V;MID-SIZE;263
Car;CADILLAC;CT5-V AWD;MID-SIZE;276
Car;CADILLAC;CT6 AWD;FULL-SIZE;259
Car;CADILLAC;CT6 AWD;FULL-SIZE;324
Car;CADILLAC;Escalade 4WD;SUV - STANDARD;333
Car;CADILLAC;XT4;SUV - SMALL;209
Car;CADILLAC;XT4 AWD;SUV - SMALL;227
Car;CADILLAC;XT5;SUV - SMALL;227
Car;CADILLAC;XT5 AWD;SUV - SMALL;235
Car;CADILLAC;XT5 AWD;SUV - SMALL;270
Car;CADILLAC;XT6 AWD;SUV - SMALL;277
Car;CHEVROLET;Blazer;SUV - SMALL;225
Car;CHEVROLET;Blazer;SUV - SMALL;238
Car;CHEVROLET;Blazer AWD;SUV - SMALL;232
Car;CHEVROLET;Blazer AWD;SUV - SMALL;269
Car;CHEVROLET;Camaro;SUBCOMPACT;219
Car;CHEVROLET;Camaro;SUBCOMPACT;235
Car;CHEVROLET;Camaro;SUBCOMPACT;247
Car;CHEVROLET;Camaro;SUBCOMPACT;280
Car;CHEVROLET;Camaro SS;SUBCOMPACT;282
Car;CHEVROLET;Camaro SS;SUBCOMPACT;296
Car;CHEVROLET;Camaro ZL1;SUBCOMPACT;355
Car;CHEVROLET;Camaro ZL1;SUBCOMPACT;349
Car;CHEVROLET;Colorado;PICKUP TRUCK - SMALL;252
Car;CHEVROLET;Colorado;PICKUP TRUCK - SMALL;270
Car;CHEVROLET;Colorado;PICKUP TRUCK - SMALL;273
Car;CHEVROLET;Colorado 4WD;PICKUP TRUCK - SMALL;265
Car;CHEVROLET;Colorado 4WD;PICKUP TRUCK - SMALL;284
Car;CHEVROLET;Colorado 4WD;PICKUP TRUCK - SMALL;286
Car;CHEVROLET;Colorado ZR2 4WD;PICKUP TRUCK - SMALL;326
Car;CHEVROLET;Colorado ZR2 4WD;PICKUP TRUCK - SMALL;331
Car;CHEVROLET;Corvette;TWO-SEATER;290
Car;CHEVROLET;Equinox;SUV - SMALL;196
Car;CHEVROLET;Equinox AWD;SUV - SMALL;204
Car;CHEVROLET;Equinox AWD;SUV - SMALL;228
Car;CHEVROLET;Impala;FULL-SIZE;255
Car;CHEVROLET;Impala;FULL-SIZE;246
Car;CHEVROLET;Malibu;MID-SIZE;189
Car;CHEVROLET;Malibu;MID-SIZE;214
Car;CHEVROLET;Silverado;PICKUP TRUCK - STANDARD;262
Car;CHEVROLET;Silverado WT;PICKUP TRUCK - STANDARD;275
Car;CHEVROLET;Silverado;PICKUP TRUCK - STANDARD;238
Car;CHEVROLET;Silverado;PICKUP TRUCK - STANDARD;318
Car;CHEVROLET;Silverado;PICKUP TRUCK - STANDARD;326
Car;CHEVROLET;Silverado FFV;PICKUP TRUCK - STANDARD;339
Car;CHEVROLET;Silverado FFV;PICKUP TRUCK - STANDARD;326
Car;CHEVROLET;Silverado;PICKUP TRUCK - STANDARD;286
Car;CHEVROLET;Silverado 4WD;PICKUP TRUCK - STANDARD;275
Car;CHEVROLET;Silverado WT 4WD;PICKUP TRUCK - STANDARD;280
Car;CHEVROLET;Silverado 4WD;PICKUP TRUCK - STANDARD;252
Car;CHEVROLET;Silverado 4WD;PICKUP TRUCK - STANDARD;331
Car;CHEVROLET;Silverado 4WD Custom Trail Boss;PICKUP TRUCK - STANDARD;349
Car;CHEVROLET;Silverado 4WD;PICKUP TRUCK - STANDARD;331
Car;CHEVROLET;Silverado 4WD FFV;PICKUP TRUCK - STANDARD;350
Car;CHEVROLET;Silverado 4WD FFV;PICKUP TRUCK - STANDARD;342
Car;CHEVROLET;Silverado 4WD Custom Trail Boss;PICKUP TRUCK - STANDARD;354
Car;CHEVROLET;Silverado 4WD;PICKUP TRUCK - STANDARD;303
Car;CHEVROLET;Silverado 4WD;PICKUP TRUCK - STANDARD;296
Car;CHEVROLET;Silverado 4WD LT Trail Boss;PICKUP TRUCK - STANDARD;307
Car;CHEVROLET;Silverado 4WD;PICKUP TRUCK - STANDARD;321
Car;CHEVROLET;Silverado 4WD Custom Trail Boss;PICKUP TRUCK - STANDARD;357
Car;CHEVROLET;Silverado 4WD LT Trail Boss;PICKUP TRUCK - STANDARD;332
Car;CHEVROLET;Spark;SUBCOMPACT;167
Car;CHEVROLET;Spark;SUBCOMPACT;170
Car;CHEVROLET;Suburban;SUV - STANDARD;314
Car;CHEVROLET;Suburban FFV;SUV - STANDARD;314
Car;CHEVROLET;Suburban FFV;SUV - STANDARD;298
Car;CHEVROLET;Suburban 4WD;SUV - STANDARD;337
Car;CHEVROLET;Suburban 4WD FFV;SUV - STANDARD;337
Car;CHEVROLET;Suburban 4WD FFV;SUV - STANDARD;319
Car;CHEVROLET;Suburban 4WD;SUV - STANDARD;343
Car;CHEVROLET;Tahoe;SUV - STANDARD;314
Car;CHEVROLET;Tahoe FFV;SUV - STANDARD;314
Car;CHEVROLET;Tahoe FFV;SUV - STANDARD;298
Car;CHEVROLET;Tahoe 4WD;SUV - STANDARD;325
Car;CHEVROLET;Tahoe 4WD FFV;SUV - STANDARD;325
Car;CHEVROLET;Tahoe 4WD FFV;SUV - STANDARD;305
Car;CHEVROLET;Tahoe 4WD;SUV - STANDARD;327
Car;CHEVROLET;Traverse;SUV - STANDARD;261
Car;CHEVROLET;Traverse AWD;SUV - STANDARD;276
Car;CHEVROLET;Trax;SUV - SMALL;196
Car;CHEVROLET;Trax AWD;SUV - SMALL;214
Car;CHRYSLER;300;FULL-SIZE;242
Car;CHRYSLER;300;FULL-SIZE;289
Car;CHRYSLER;300 AWD;FULL-SIZE;258
Car;CHRYSLER;Pacifica (Stop-Start);MINIVAN;249
Car;CHRYSLER;Voyager (Stop-Start);MINIVAN;249
Car;DODGE;Challenger;MID-SIZE;242
Car;DODGE;Challenger (MDS);MID-SIZE;289
Car;DODGE;Challenger;MID-SIZE;307
Car;DODGE;Challenger (MDS);MID-SIZE;305
Car;DODGE;Challenger;MID-SIZE;325
Car;DODGE;Challenger AWD;MID-SIZE;258
Car;DODGE;Challenger Widebody (MDS);MID-SIZE;305
Car;DODGE;Challenger Widebody (MDS);MID-SIZE;325
Car;DODGE;Challenger SRT Hellcat;MID-SIZE;339
Car;DODGE;Challenger SRT Hellcat;MID-SIZE;352
Car;DODGE;Challenger SRT Hellcat Widebody;MID-SIZE;358
Car;DODGE;Challenger SRT Hellcat Widebody;MID-SIZE;352
Car;DODGE;Charger;FULL-SIZE;271
Car;DODGE;Charger;FULL-SIZE;242
Car;DODGE;Charger (MDS);FULL-SIZE;289
Car;DODGE;Charger (MDS);FULL-SIZE;305
Car;DODGE;Charger AWD;FULL-SIZE;258
Car;DODGE;Charger Widebody (MDS);FULL-SIZE;305
Car;DODGE;Charger SRT Hellcat Widebody;FULL-SIZE;368
Car;DODGE;Durango AWD;SUV - STANDARD;265
Car;DODGE;Durango AWD;SUV - STANDARD;331
Car;DODGE;Durango AWD SRT;SUV - STANDARD;363
Car;DODGE;Grand Caravan;MINIVAN;276
Car;DODGE;Journey;SUV - SMALL;261
Car;FIAT;124 Spider;TWO-SEATER;187
Car;FIAT;124 Spider;TWO-SEATER;185
Car;FIAT;500L;STATION WAGON - SMALL;221
Car;FIAT;500X AWD;SUV - SMALL;213
Car;FORD;EcoSport;SUV - SMALL;197
Car;FORD;EcoSport AWD;SUV - SMALL;216
Car;FORD;Edge;SUV - SMALL;229
Car;FORD;Edge AWD;SUV - SMALL;233
Car;FORD;Edge AWD;SUV - SMALL;233
Car;FORD;Edge AWD;SUV - SMALL;258
Car;FORD;Escape;SUV - SMALL;185
Car;FORD;Escape AWD;SUV - SMALL;196
Car;FORD;Escape AWD;SUV - SMALL;213
Car;FORD;Escape Hybrid;SUV - SMALL;136
Car;FORD;Escape Hybrid AWD;SUV - SMALL;139
Car;FORD;Expedition 4X4;SUV - STANDARD;294
Car;FORD;Expedition MAX 4X4;SUV - STANDARD;308
Car;FORD;Explorer AWD;SUV - STANDARD;241
Car;FORD;Explorer AWD;SUV - STANDARD;278
Car;FORD;Explorer Hybrid AWD;SUV - STANDARD;225
Car;FORD;F-150;PICKUP TRUCK - STANDARD;249
Car;FORD;F-150;PICKUP TRUCK - STANDARD;264
Car;FORD;F-150 (LT Tire Pkg);PICKUP TRUCK - STANDARD;264
Car;FORD;F-150 FFV;PICKUP TRUCK - STANDARD;254
Car;FORD;F-150 FFV;PICKUP TRUCK - STANDARD;245
Car;FORD;F-150;PICKUP TRUCK - STANDARD;298
Car;FORD;F-150 FFV;PICKUP TRUCK - STANDARD;297
Car;FORD;F-150 FFV;PICKUP TRUCK - STANDARD;293
Car;FORD;F-150 FFV (LT Tire Pkg);PICKUP TRUCK - STANDARD;305
Car;FORD;F-150 FFV (LT Tire Pkg);PICKUP TRUCK - STANDARD;294
Car;FORD;F-150 FFV (Payload Pkg);PICKUP TRUCK - STANDARD;319
Car;FORD;F-150 FFV (Payload Pkg);PICKUP TRUCK - STANDARD;300
Car;FORD;F-150 4X4;PICKUP TRUCK - STANDARD;277
Car;FORD;F-150 4X4;PICKUP TRUCK - STANDARD;290
Car;FORD;F-150 4X4 XL/XLT;PICKUP TRUCK - STANDARD;270
Car;FORD;F-150 FFV 4X4;PICKUP TRUCK - STANDARD;274
Car;FORD;F-150 FFV 4X4;PICKUP TRUCK - STANDARD;265
Car;FORD;F-150 4X4;PICKUP TRUCK - STANDARD;304
Car;FORD;F-150 4X4 Limited;PICKUP TRUCK - STANDARD;296
Car;FORD;F-150 FFV 4X4;PICKUP TRUCK - STANDARD;317
Car;FORD;F-150 FFV 4X4;PICKUP TRUCK - STANDARD;296
Car;FORD;F-150 Raptor 4X4;PICKUP TRUCK - STANDARD;336
Car;FORD;Fusion;MID-SIZE;203
Car;FORD;Fusion Hybrid;MID-SIZE;131
Car;FORD;GT;TWO-SEATER;393
Car;FORD;Mustang;SUBCOMPACT;221
Car;FORD;Mustang (Performance Pkg);SUBCOMPACT;242
Car;FORD;Mustang;SUBCOMPACT;226
Car;FORD;Mustang (Performance Pkg);SUBCOMPACT;244
Car;FORD;Mustang;SUBCOMPACT;289
Car;FORD;Mustang;SUBCOMPACT;312
Car;FORD;Mustang Bullitt;SUBCOMPACT;319
Car;FORD;Mustang Convertible;SUBCOMPACT;242
Car;FORD;Mustang Convertible (Performance Pkg);SUBCOMPACT;244
Car;FORD;Mustang Convertible;SUBCOMPACT;240
Car;FORD;Mustang Convertible (Performance Pkg);SUBCOMPACT;252
Car;FORD;Mustang Convertible;SUBCOMPACT;303
Car;FORD;Ranger 4WD;PICKUP TRUCK - STANDARD;256
Car;FORD;Shelby GT350 Mustang;SUBCOMPACT;342
Car;FORD;Shelby GT500 Mustang;SUBCOMPACT;392
Car;FORD;T-150 Wagon FFV;VAN - PASSENGER;340
Car;FORD;T-150 Wagon FFV;VAN - PASSENGER;316
Car;FORD;T-150 Wagon FFV 4WD;VAN - PASSENGER;352
Car;FORD;T-150 Wagon FFV 4WD;VAN - PASSENGER;328
Car;FORD;Transit Connect Van FFV;SPECIAL PURPOSE VEHICLE;219
Car;FORD;Transit Connect Van FFV;SPECIAL PURPOSE VEHICLE;209
Car;FORD;Transit Connect Van LWB;SPECIAL PURPOSE VEHICLE;219
Car;FORD;Transit Connect Van LWB;SPECIAL PURPOSE VEHICLE;247
Car;FORD;Transit Connect Wagon LWB;SPECIAL PURPOSE VEHICLE;214
Car;FORD;Transit Connect Wagon LWB FFV;SPECIAL PURPOSE VEHICLE;214
Car;FORD;Transit Connect Wagon LWB FFV;SPECIAL PURPOSE VEHICLE;208
Car;FORD;Transit Connect Wagon LWB;SPECIAL PURPOSE VEHICLE;251
Car;GENESIS;G70;COMPACT;255
Car;GENESIS;G70 AWD;COMPACT;238
Car;GENESIS;G70 AWD;COMPACT;284
Car;GENESIS;G80 AWD;FULL-SIZE;282
Car;GENESIS;G80 AWD;FULL-SIZE;276
Car;GENESIS;G80 AWD;FULL-SIZE;312
Car;GENESIS;G90 AWD;FULL-SIZE;280
Car;GENESIS;G90 AWD;FULL-SIZE;311
Car;GMC;Acadia;SUV - STANDARD;225
Car;GMC;Acadia;SUV - STANDARD;238
Car;GMC;Acadia;SUV - STANDARD;257
Car;GMC;Acadia AWD;SUV - STANDARD;232
Car;GMC;Acadia AWD;SUV - STANDARD;269
Car;GMC;Canyon;PICKUP TRUCK - SMALL;252
Car;GMC;Canyon;PICKUP TRUCK - SMALL;270
Car;GMC;Canyon;PICKUP TRUCK - SMALL;273
Car;GMC;Canyon 4WD;PICKUP TRUCK - SMALL;265
Car;GMC;Canyon 4WD;PICKUP TRUCK - SMALL;284
Car;GMC;Canyon 4WD;PICKUP TRUCK - SMALL;286
Car;GMC;Sierra;PICKUP TRUCK - STANDARD;262
Car;GMC;Sierra WT;PICKUP TRUCK - STANDARD;275
Car;GMC;Sierra;PICKUP TRUCK - STANDARD;245
Car;GMC;Sierra;PICKUP TRUCK - STANDARD;318
Car;GMC;Sierra;PICKUP TRUCK - STANDARD;326
Car;GMC;Sierra FFV;PICKUP TRUCK - STANDARD;339
Car;GMC;Sierra FFV;PICKUP TRUCK - STANDARD;326
Car;GMC;Sierra;PICKUP TRUCK - STANDARD;288
Car;GMC;Sierra 4WD;PICKUP TRUCK - STANDARD;275
Car;GMC;Sierra WT 4WD;PICKUP TRUCK - STANDARD;280
Car;GMC;Sierra 4WD;PICKUP TRUCK - STANDARD;265
Car;GMC;Sierra 4WD AT4;PICKUP TRUCK - STANDARD;265
Car;GMC;Sierra 4WD;PICKUP TRUCK - STANDARD;331
Car;GMC;Sierra 4WD;PICKUP TRUCK - STANDARD;331
Car;GMC;Sierra 4WD FFV;PICKUP TRUCK - STANDARD;344
Car;GMC;Sierra 4WD FFV;PICKUP TRUCK - STANDARD;325
Car;GMC;Sierra 4WD AT4;PICKUP TRUCK - STANDARD;354
Car;GMC;Sierra 4WD;PICKUP TRUCK - STANDARD;304
Car;GMC;Sierra 4WD AT4;PICKUP TRUCK - STANDARD;314
Car;GMC;Sierra 4WD;PICKUP TRUCK - STANDARD;298
Car;GMC;Sierra 4WD AT4;PICKUP TRUCK - STANDARD;307
Car;GMC;Sierra 4WD;PICKUP TRUCK - STANDARD;326
Car;GMC;Sierra 4WD AT4;PICKUP TRUCK - STANDARD;332
Car;GMC;Terrain;SUV - SMALL;202
Car;GMC;Terrain AWD;SUV - SMALL;210
Car;GMC;Terrain AWD;SUV - SMALL;239
Car;GMC;Yukon;SUV - STANDARD;314
Car;GMC;Yukon FFV;SUV - STANDARD;314
Car;GMC;Yukon FFV;SUV - STANDARD;298
Car;GMC;Yukon 4WD;SUV - STANDARD;325
Car;GMC;Yukon 4WD FFV;SUV - STANDARD;325
Car;GMC;Yukon 4WD FFV;SUV - STANDARD;305
Car;GMC;Yukon 4WD;SUV - STANDARD;327
Car;GMC;Yukon XL;SUV - STANDARD;314
Car;GMC;Yukon XL FFV;SUV - STANDARD;314
Car;GMC;Yukon XL FFV;SUV - STANDARD;298
Car;GMC;Yukon XL 4WD;SUV - STANDARD;337
Car;GMC;Yukon XL 4WD FFV;SUV - STANDARD;337
Car;GMC;Yukon XL 4WD FFV;SUV - STANDARD;319
Car;GMC;Yukon XL 4WD;SUV - STANDARD;343
Car;HONDA;Accord;FULL-SIZE;170
Car;HONDA;Accord;FULL-SIZE;177
Car;HONDA;Accord;FULL-SIZE;185
Car;HONDA;Accord;FULL-SIZE;214
Car;HONDA;Accord Sport/Touring;MID-SIZE;211
Car;HONDA;Accord Hybrid;FULL-SIZE;117
Car;HONDA;Civic Coupe;COMPACT;167
Car;HONDA;Civic Coupe;COMPACT;164
Car;HONDA;Civic Coupe;COMPACT;176
Car;HONDA;Civic Coupe;COMPACT;189
Car;HONDA;Civic Coupe Si;COMPACT;183
Car;HONDA;Civic Hatchback;FULL-SIZE;162
Car;HONDA;Civic Hatchback;FULL-SIZE;167
Car;HONDA;Civic Hatchback Sport;FULL-SIZE;172
Car;HONDA;Civic Hatchback Sport;FULL-SIZE;167
Car;HONDA;Civic Sedan;MID-SIZE;165
Car;HONDA;Civic Sedan;MID-SIZE;167
Car;HONDA;Civic Sedan;MID-SIZE;172
Car;HONDA;Civic Sedan;MID-SIZE;186
Car;HONDA;Civic Sedan Si;MID-SIZE;183
Car;HONDA;Civic Type R;FULL-SIZE;223
Car;HONDA;CR-V;SUV - SMALL;180
Car;HONDA;CR-V AWD;SUV - SMALL;189
Car;HONDA;Fit;STATION WAGON - SMALL;151
Car;HONDA;Fit;STATION WAGON - SMALL;166
Car;HONDA;Fit;STATION WAGON - SMALL;174
Car;HONDA;HR-V;STATION WAGON - SMALL;181
Car;HONDA;HR-V AWD;STATION WAGON - SMALL;193
Car;HONDA;HR-V AWD;STATION WAGON - SMALL;200
Car;HONDA;Insight EX/Touring;MID-SIZE;115
Car;HONDA;Odyssey;MINIVAN;248
Car;HONDA;Passport AWD;SUV - SMALL;265
Car;HONDA;Pilot AWD;SUV - SMALL;266
Car;HONDA;Pilot AWD;SUV - SMALL;257
Car;HONDA;Ridgeline AWD;PICKUP TRUCK - STANDARD;269
Car;HYUNDAI;Accent;COMPACT;160
Car;HYUNDAI;Accent;COMPACT;168
Car;HYUNDAI;Elantra;MID-SIZE;192
Car;HYUNDAI;Elantra;MID-SIZE;214
Car;HYUNDAI;Elantra;MID-SIZE;161
Car;HYUNDAI;Elantra;MID-SIZE;187
Car;HYUNDAI;Elantra GT;FULL-SIZE;205
Car;HYUNDAI;Elantra GT;FULL-SIZE;218
Car;HYUNDAI;Elantra GT;FULL-SIZE;199
Car;HYUNDAI;Elantra GT;FULL-SIZE;207
Car;HYUNDAI;IONIQ;FULL-SIZE;99
Car;HYUNDAI;IONIQ Blue;FULL-SIZE;96
Car;HYUNDAI;Kona;SUV - SMALL;187
Car;HYUNDAI;Kona AWD;SUV - SMALL;201
Car;HYUNDAI;Kona AWD;SUV - SMALL;202
Car;HYUNDAI;Palisade;SUV - STANDARD;250
Car;HYUNDAI;Palisade AWD;SUV - STANDARD;265
Car;HYUNDAI;Santa Fe;SUV - SMALL;225
Car;HYUNDAI;Santa Fe AWD;SUV - SMALL;255
Car;HYUNDAI;Santa Fe AWD;SUV - SMALL;238
Car;HYUNDAI;Sonata;FULL-SIZE;181
Car;HYUNDAI;Sonata;FULL-SIZE;182
Car;HYUNDAI;Sonata Hybrid;FULL-SIZE;117
Car;HYUNDAI;Tucson;SUV - SMALL;216
Car;HYUNDAI;Tucson AWD;SUV - SMALL;239
Car;HYUNDAI;Tucson AWD;SUV - SMALL;241
Car;HYUNDAI;Veloster Turbo;COMPACT;184
Car;HYUNDAI;Veloster Turbo;COMPACT;196
Car;HYUNDAI;Veloster;COMPACT;193
Car;HYUNDAI;Veloster N;COMPACT;226
Car;HYUNDAI;Venue;MID-SIZE;178
Car;HYUNDAI;Venue;MID-SIZE;184
Car;INFINITI;Q50 AWD;MID-SIZE;254
Car;INFINITI;Q50 AWD Red Sport;MID-SIZE;261
Car;INFINITI;Q60 AWD;SUBCOMPACT;251
Car;INFINITI;Q60 AWD Red Sport;SUBCOMPACT;259
Car;INFINITI;QX50 AWD;SUV - SMALL;228
Car;INFINITI;QX60 AWD;SUV - SMALL;257
Car;INFINITI;QX80 4WD;SUV - STANDARD;360
Car;JAGUAR;E-PACE P250;SUV - SMALL;231
Car;JAGUAR;E-PACE P300;SUV - SMALL;236
Car;JAGUAR;F-PACE 25t;SUV - SMALL;227
Car;JAGUAR;F-PACE 30t;SUV - SMALL;232
Car;JAGUAR;F-PACE S;SUV - SMALL;277
Car;JAGUAR;F-PACE SVR;SUV - SMALL;303
Car;JAGUAR;F-TYPE P300 Convertible;TWO-SEATER;215
Car;JAGUAR;F-TYPE Convertible;TWO-SEATER;242
Car;JAGUAR;F-TYPE Convertible R-Dynamic;TWO-SEATER;253
Car;JAGUAR;F-TYPE Convertible R-Dynamic AWD;TWO-SEATER;265
Car;JAGUAR;F-TYPE R AWD Convertible;TWO-SEATER;299
Car;JAGUAR;F-TYPE SVR AWD Convertible;TWO-SEATER;299
Car;JAGUAR;F-TYPE P300 Coupe;TWO-SEATER;215
Car;JAGUAR;F-TYPE Coupe;TWO-SEATER;242
Car;JAGUAR;F-TYPE Coupe R-Dynamic;TWO-SEATER;253
Car;JAGUAR;F-TYPE Coupe R-Dynamic AWD;TWO-SEATER;265
Car;JAGUAR;F-TYPE R AWD Coupe;TWO-SEATER;299
Car;JAGUAR;F-TYPE SVR AWD Coupe;TWO-SEATER;299
Car;JAGUAR;XE P250 AWD;COMPACT;200
Car;JAGUAR;XE P300 AWD;COMPACT;220
Car;JAGUAR;XF 25t AWD;MID-SIZE;207
Car;JAGUAR;XF 30t AWD;MID-SIZE;217
Car;JAGUAR;XF S AWD;MID-SIZE;243
Car;JEEP;Cherokee;SUV - SMALL;214
Car;JEEP;Cherokee;SUV - SMALL;219
Car;JEEP;Cherokee;SUV - SMALL;240
Car;JEEP;Cherokee 4X4 Active Drive I;SUV - SMALL;229
Car;JEEP;Cherokee 4X4 Active Drive I;SUV - SMALL;230
Car;JEEP;Cherokee 4X4 Active Drive I;SUV - SMALL;249
Car;JEEP;Cherokee 4X4 Active Drive II;SUV - SMALL;240
Car;JEEP;Cherokee 4X4 Active Drive II;SUV - SMALL;259
Car;JEEP;Cherokee 4X4 Active Drive Lock;SUV - SMALL;249
Car;JEEP;Cherokee 4X4 Active Drive Lock;SUV - SMALL;269
Car;JEEP;Compass;SUV - SMALL;218
Car;JEEP;Compass;SUV - SMALL;211
Car;JEEP;Compass 4X4;SUV - SMALL;222
Car;JEEP;Compass 4X4;SUV - SMALL;221
Car;JEEP;Gladiator 4X4;PICKUP TRUCK - STANDARD;290
Car;JEEP;Gladiator 4X4;PICKUP TRUCK - STANDARD;296
Car;JEEP;Grand Cherokee 4X4;SUV - STANDARD;265
Car;JEEP;Grand Cherokee 4X4;SUV - STANDARD;331
Car;JEEP;Grand Cherokee 4X4 Trackhawk;SUV - STANDARD;413
Car;JEEP;Grand Cherokee 4X4 SRT;SUV - STANDARD;368
Car;JEEP;Renegade;SUV - SMALL;204
Car;JEEP;Renegade;SUV - SMALL;222
Car;JEEP;Renegade 4X4;SUV - SMALL;216
Car;JEEP;Renegade 4X4 Trailhawk;SUV - SMALL;230
Car;JEEP;Renegade 4X4;SUV - SMALL;230
Car;JEEP;Wrangler 4X4;SUV - SMALL;241
Car;JEEP;Wrangler 4X4;SUV - SMALL;274
Car;JEEP;Wrangler 4X4 eTorque;SUV - SMALL;259
Car;JEEP;Wrangler 4X4;SUV - SMALL;277
Car;JEEP;Wrangler Unlimited 4X4;SUV - SMALL;263
Car;JEEP;Wrangler Unlimited 4X4 eTorque;SUV - SMALL;257
Car;JEEP;Wrangler Unlimited 4X4 EcoDiesel;SUV - SMALL;255
Car;JEEP;Wrangler Unlimited 4X4;SUV - SMALL;280
Car;JEEP;Wrangler Unlimited 4X4 eTorque;SUV - SMALL;276
Car;JEEP;Wrangler Unlimited 4X4;SUV - SMALL;285
Car;KIA;Forte;MID-SIZE;184
Car;KIA;Forte;MID-SIZE;165
Car;KIA;Forte;MID-SIZE;180
Car;KIA;Forte 5;FULL-SIZE;190
Car;KIA;Forte 5;FULL-SIZE;169
Car;KIA;Niro;STATION WAGON - SMALL;114
Car;KIA;Niro FE;STATION WAGON - SMALL;110
Car;KIA;Niro Touring;STATION WAGON - SMALL;129
Car;KIA;Optima;FULL-SIZE;199
Car;KIA;Optima Hybrid;MID-SIZE;132
Car;KIA;Rio;COMPACT;151
Car;KIA;Rio;COMPACT;167
Car;KIA;Sedona;MINIVAN;271
Car;KIA;Sorento AWD;SUV - SMALL;242
Car;KIA;Sorento AWD;SUV - SMALL;261
Car;KIA;Soul;STATION WAGON - SMALL;188
Car;KIA;Soul;STATION WAGON - SMALL;206
Car;KIA;Sportage;SUV - SMALL;214
Car;KIA;Sportage AWD;SUV - SMALL;261
Car;KIA;Sportage AWD;SUV - SMALL;239
Car;KIA;Stinger AWD;MID-SIZE;279
Car;KIA;Telluride AWD;SUV - SMALL;264
Car;LAMBORGHINI;Aventador Coupe;TWO-SEATER;485
Car;LAMBORGHINI;Aventador Roadster;TWO-SEATER;493
Car;LAMBORGHINI;Huracan Coupe;TWO-SEATER;370
Car;LAMBORGHINI;Huracan Coupe AWD;TWO-SEATER;370
Car;LAMBORGHINI;Huracan Spyder;TWO-SEATER;370
Car;LAMBORGHINI;Huracan Spyder AWD;TWO-SEATER;370
Car;LAMBORGHINI;Urus;SUV - STANDARD;384
Car;LAND ROVER;Discovery;SUV - STANDARD;311
Car;LAND ROVER;Discovery TD6 Diesel;SUV - STANDARD;279
Car;LAND ROVER;Discovery Sport P250;SUV - SMALL;266
Car;LAND ROVER;Discovery Sport P290;SUV - SMALL;262
Car;LAND ROVER;Range Rover 3.0;SUV - STANDARD;258
Car;LAND ROVER;Range Rover TD6 Diesel;SUV - STANDARD;256
Car;LAND ROVER;Range Rover 5.0 Supercharged;SUV - STANDARD;305
Car;LAND ROVER;Range Rover 5.0 Supercharged LWB;SUV - STANDARD;305
Car;LAND ROVER;Range Rover SVAutobiography Dynamic;SUV - STANDARD;354
Car;LAND ROVER;Range Rover SVAutobiography LWB;SUV - STANDARD;365
Car;LAND ROVER;Range Rover Sport 3.0;SUV - STANDARD;264
Car;LAND ROVER;Range Rover Sport TD6 Diesel;SUV - STANDARD;256
Car;LAND ROVER;Range Rover Sport Supercharged;SUV - STANDARD;294
Car;LAND ROVER;Range Rover Sport SVR;SUV - STANDARD;336
Car;LAND ROVER;Range Rover Evoque P250;SUV - SMALL;245
Car;LAND ROVER;Range Rover Evoque P300;SUV - SMALL;242
Car;LAND ROVER;Range Rover Velar P250;SUV - SMALL;238
Car;LAND ROVER;Range Rover Velar P300;SUV - SMALL;248
Car;LAND ROVER;Range Rover Velar P340;SUV - SMALL;273
Car;LAND ROVER;Range Rover Velar P380;SUV - SMALL;273
Car;LAND ROVER;Range Rover Velar SVAutobiography Dynamic;SUV - SMALL;318
Car;LEXUS;ES 300h;MID-SIZE;124
Car;LEXUS;ES 350;MID-SIZE;213
Car;LEXUS;ES 350 F SPORT;MID-SIZE;219
Car;LEXUS;GS 350 AWD;MID-SIZE;254
Car;LEXUS;GS F;COMPACT;293
Car;LEXUS;GX 460;SUV - STANDARD;337
Car;LEXUS;IS 300;COMPACT;220
Car;LEXUS;IS 300 AWD;COMPACT;254
Car;LEXUS;IS 350 AWD;COMPACT;254
Car;LEXUS;LC 500;SUBCOMPACT;294
Car;LEXUS;LC 500h;SUBCOMPACT;189
Car;LEXUS;LS 500 AWD;MID-SIZE;262
Car;LEXUS;LS 500h AWD;MID-SIZE;214
Car;LEXUS;LX 570;SUV - STANDARD;395
Car;LEXUS;NX 300 AWD;SUV - SMALL;226
Car;LEXUS;NX 300 AWD F SPORT;SUV - SMALL;232
Car;LEXUS;NX 300h AWD;SUV - SMALL;176
Car;LEXUS;RC 300 AWD;SUBCOMPACT;262
Car;LEXUS;RC 350 AWD;SUBCOMPACT;262
Car;LEXUS;RC F;SUBCOMPACT;285
Car;LEXUS;RX 350 AWD;SUV - SMALL;252
Car;LEXUS;RX 350 L AWD;SUV - SMALL;268
Car;LEXUS;RX 450h AWD;SUV - STANDARD;185
Car;LEXUS;RX 450h L AWD;SUV - STANDARD;190
Car;LEXUS;UX 200;MID-SIZE;168
Car;LEXUS;UX 250h AWD;COMPACT;140
Car;LINCOLN;Aviator;SUV - STANDARD;280
Car;LINCOLN;Continental AWD;FULL-SIZE;281
Car;LINCOLN;Continental AWD;FULL-SIZE;289
Car;LINCOLN;Continental AWD;FULL-SIZE;287
Car;LINCOLN;Corsair AWD;SUV - SMALL;229
Car;LINCOLN;Corsair AWD;SUV - SMALL;230
Car;LINCOLN;MKZ AWD;MID-SIZE;245
Car;LINCOLN;MKZ Hybrid;MID-SIZE;131
Car;LINCOLN;Nautilus AWD;SUV - SMALL;250
Car;LINCOLN;Nautilus AWD;SUV - SMALL;258
Car;LINCOLN;Navigator 4X4;SUV - STANDARD;315
Car;MASERATI;Ghibli;MID-SIZE;286
Car;MASERATI;Ghibli S;MID-SIZE;286
Car;MASERATI;Ghibli S Q4;MID-SIZE;295
Car;MASERATI;Levante;SUV - STANDARD;324
Car;MASERATI;Levante S;SUV - STANDARD;324
Car;MASERATI;Levante GTS;SUV - STANDARD;360
Car;MASERATI;Levante Trofeo;SUV - STANDARD;360
Car;MASERATI;Quattroporte S;FULL-SIZE;286
Car;MASERATI;Quattroporte S Q4;FULL-SIZE;301
Car;MASERATI;Quattroporte GTS;FULL-SIZE;321
Car;MAZDA;CX-3;COMPACT;179
Car;MAZDA;CX-3 (SIL);COMPACT;186
Car;MAZDA;CX-3 4WD;COMPACT;189
Car;MAZDA;CX-30;SUV - SMALL;189
Car;MAZDA;CX-30;SUV - SMALL;194
Car;MAZDA;CX-30 4WD;SUV - SMALL;202
Car;MAZDA;CX-30 4WD;SUV - SMALL;208
Car;MAZDA;CX-30 4WD (Cylinder Deactivation);SUV - SMALL;200
Car;MAZDA;CX-5;SUV - SMALL;206
Car;MAZDA;CX-5 (Cylinder Deactivation);SUV - SMALL;201
Car;MAZDA;CX-5 4WD;SUV - SMALL;217
Car;MAZDA;CX-5 4WD (Cylinder Deactivation);SUV - SMALL;208
Car;MAZDA;CX-5 Turbo 4WD;SUV - SMALL;230
Car;MAZDA;CX-9 4WD;SUV - SMALL;244
Car;MAZDA;Mazda3 4-Door;COMPACT;178
Car;MAZDA;Mazda3 4-Door (SIL);COMPACT;180
Car;MAZDA;Mazda3 4-Door;COMPACT;181
Car;MAZDA;Mazda3 4-Door (Cylinder Deactivation);COMPACT;183
Car;MAZDA;Mazda3 4-Door 4WD;COMPACT;192
Car;MAZDA;Mazda3 5-Door;MID-SIZE;181
Car;MAZDA;Mazda3 5-Door (SIL);MID-SIZE;181
Car;MAZDA;Mazda3 5-Door;MID-SIZE;187
Car;MAZDA;Mazda3 5-Door (SIL);MID-SIZE;189
Car;MAZDA;Mazda3 5-Door 4WD;MID-SIZE;204
Car;MAZDA;Mazda6;MID-SIZE;188
Car;MAZDA;Mazda6 Turbo;MID-SIZE;208
Car;MAZDA;MX-5;TWO-SEATER;186
Car;MAZDA;MX-5 (SIL);TWO-SEATER;189
Car;MERCEDES-BENZ;AMG C 43 4MATIC;COMPACT;253
Car;MERCEDES-BENZ;AMG C 43 4MATIC Cabriolet;SUBCOMPACT;263
Car;MERCEDES-BENZ;AMG C 43 4MATIC Coupe;SUBCOMPACT;255
Car;MERCEDES-BENZ;AMG C 43 4MATIC Wagon;STATION WAGON - SMALL;255
Car;MERCEDES-BENZ;AMG C 63;COMPACT;263
Car;MERCEDES-BENZ;AMG C 63 S;COMPACT;263
Car;MERCEDES-BENZ;AMG C 63 S Cabriolet;SUBCOMPACT;282
Car;MERCEDES-BENZ;AMG C 63 S Coupe;SUBCOMPACT;277
Car;MERCEDES-BENZ;AMG CLS 53 4MATIC+;COMPACT;235
Car;MERCEDES-BENZ;AMG E 53 4MATIC+;MID-SIZE;232
Car;MERCEDES-BENZ;AMG E 53 4MATIC+ Cabriolet;SUBCOMPACT;245
Car;MERCEDES-BENZ;AMG E 53 4MATIC+ Coupe;SUBCOMPACT;237
Car;MERCEDES-BENZ;AMG E 63 S 4MATIC+;MID-SIZE;318
Car;MERCEDES-BENZ;AMG E 63 S 4MATIC+ Wagon;STATION WAGON - MID-SIZE;299
Car;MERCEDES-BENZ;AMG G 63;SUV - STANDARD;396
Car;MERCEDES-BENZ;AMG GLC 63 S 4MATIC+;SUV - SMALL;309
Car;MERCEDES-BENZ;AMG GLC 63 S 4MATIC+ Coupe;SUV - SMALL;309
Car;MERCEDES-BENZ;AMG GT R Coupe;TWO-SEATER;327
Car;MERCEDES-BENZ;AMG S 63 4MATIC+;FULL-SIZE;275
Car;MERCEDES-BENZ;AMG S 63 4MATIC+ Cabriolet;SUBCOMPACT;306
Car;MERCEDES-BENZ;AMG S 63 4MATIC+ Coupe;COMPACT;271
Car;MERCEDES-BENZ;AMG S 65;FULL-SIZE;356
Car;MERCEDES-BENZ;C 300 4MATIC;COMPACT;219
Car;MERCEDES-BENZ;C 300 4MATIC Cabriolet;SUBCOMPACT;231
Car;MERCEDES-BENZ;C 300 4MATIC Coupe;SUBCOMPACT;221
Car;MERCEDES-BENZ;C 300 4MATIC Wagon;STATION WAGON - SMALL;221
Car;MERCEDES-BENZ;CLS 450 4MATIC;COMPACT;213
Car;MERCEDES-BENZ;E 450 4MATIC Cabriolet;SUBCOMPACT;271
Car;MERCEDES-BENZ;E 450 4MATIC Coupe;SUBCOMPACT;257
Car;MERCEDES-BENZ;G 550;SUV - STANDARD;378
Car;MERCEDES-BENZ;Maybach S 560 4MATIC;FULL-SIZE;286
Car;MERCEDES-BENZ;Maybach S 650;FULL-SIZE;355
Car;MERCEDES-BENZ;S 450 4MATIC SWB;MID-SIZE;253
Car;MERCEDES-BENZ;S 560 4MATIC;FULL-SIZE;265
Car;MERCEDES-BENZ;S 560 4MATIC SWB;MID-SIZE;265
Car;MERCEDES-BENZ;SL 550;TWO-SEATER;270
Car;MERCEDES-BENZ;SLC 300;TWO-SEATER;205
Car;MINI;Cooper 3 Door;SUBCOMPACT;174
Car;MINI;Cooper 5 Door;SUBCOMPACT;174
Car;MINI;Cooper Clubman ALL4;MID-SIZE;197
Car;MINI;Cooper Convertible;MINICOMPACT;174
Car;MINI;Cooper Countryman ALL4;MID-SIZE;200
Car;MINI;Cooper S 3 Door;SUBCOMPACT;184
Car;MINI;Cooper S 5 Door;SUBCOMPACT;184
Car;MINI;Cooper S Clubman ALL4;MID-SIZE;207
Car;MINI;Cooper S Convertible;MINICOMPACT;191
Car;MINI;Cooper S Countryman ALL4;MID-SIZE;212
Car;MINI;John Cooper Works 3 Door;SUBCOMPACT;190
Car;MINI;John Cooper Works Clubman ALL4;MID-SIZE;210
Car;MINI;John Cooper Works Convertible;MINICOMPACT;194
Car;MINI;John Cooper Works Countryman ALL4;MID-SIZE;210
Car;MITSUBISHI;Eclipse Cross 4WD;SUV - SMALL;216
Car;MITSUBISHI;Mirage;COMPACT;143
Car;MITSUBISHI;Mirage;COMPACT;151
Car;MITSUBISHI;Outlander 4WD;SUV - SMALL;212
Car;MITSUBISHI;Outlander 4WD;SUV - SMALL;246
Car;MITSUBISHI;RVR;SUV - SMALL;206
Car;MITSUBISHI;RVR 4WD;SUV - SMALL;213
Car;MITSUBISHI;RVR 4WD;SUV - SMALL;218
Car;NISSAN;370Z;TWO-SEATER;261
Car;NISSAN;370Z;TWO-SEATER;270
Car;NISSAN;370Z Roadster;TWO-SEATER;271
Car;NISSAN;370Z Roadster;TWO-SEATER;279
Car;NISSAN;Altima AWD;MID-SIZE;186
Car;NISSAN;Altima AWD SR/Platinum;MID-SIZE;190
Car;NISSAN;Armada 4WD;SUV - STANDARD;362
Car;NISSAN;Frontier;PICKUP TRUCK - STANDARD;273
Car;NISSAN;Frontier 4WD;PICKUP TRUCK - STANDARD;287
Car;NISSAN;GT-R;SUBCOMPACT;300
Car;NISSAN;Kicks;MID-SIZE;169
Car;NISSAN;Maxima;MID-SIZE;233
Car;NISSAN;Murano;STATION WAGON - MID-SIZE;240
Car;NISSAN;Murano AWD;STATION WAGON - MID-SIZE;242
Car;NISSAN;NV200 Cargo Van;SPECIAL PURPOSE VEHICLE;218
Car;NISSAN;Qashqai;STATION WAGON - SMALL;192
Car;NISSAN;Qashqai;STATION WAGON - SMALL;217
Car;NISSAN;Qashqai AWD;STATION WAGON - SMALL;198
Car;NISSAN;Pathfinder;SUV - SMALL;240
Car;NISSAN;Pathfinder 4WD;SUV - SMALL;251
Car;NISSAN;Pathfinder 4WD Platinum;SUV - SMALL;257
Car;NISSAN;Rogue;SUV - SMALL;192
Car;NISSAN;Rogue AWD;SUV - SMALL;204
Car;NISSAN;Sentra;MID-SIZE;167
Car;NISSAN;Sentra SR;MID-SIZE;171
Car;NISSAN;Sentra;MID-SIZE;188
Car;NISSAN;Titan 4WD;PICKUP TRUCK - STANDARD;313
Car;NISSAN;Titan 4WD Pro-4X;PICKUP TRUCK - STANDARD;313
Car;NISSAN;Versa;COMPACT;158
Car;NISSAN;Versa;COMPACT;181
Car;PORSCHE;911 Carrera S;MINICOMPACT;271
Car;PORSCHE;911 Carrera S Cabriolet;MINICOMPACT;272
Car;PORSCHE;911 Carrera 4S;MINICOMPACT;277
Car;PORSCHE;911 Carrera 4S Cabriolet;MINICOMPACT;277
Car;PORSCHE;Cayenne;SUV - STANDARD;269
Car;PORSCHE;Cayenne S;SUV - STANDARD;278
Car;PORSCHE;Cayenne Turbo;SUV - STANDARD;329
Car;PORSCHE;Macan;SUV - SMALL;264
Car;PORSCHE;Macan S;SUV - SMALL;272
Car;PORSCHE;Panamera;FULL-SIZE;250
Car;PORSCHE;Panamera 4;FULL-SIZE;253
Car;PORSCHE;Panamera 4 Executive;FULL-SIZE;253
Car;PORSCHE;Panamera 4 ST;FULL-SIZE;250
Car;PORSCHE;Panamera 4S;FULL-SIZE;261
Car;PORSCHE;Panamera 4S Executive;FULL-SIZE;261
Car;PORSCHE;Panamera 4S ST;FULL-SIZE;273
Car;PORSCHE;Panamera GTS;FULL-SIZE;295
Car;PORSCHE;Panamera GTS ST;FULL-SIZE;313
Car;PORSCHE;Panamera Turbo;FULL-SIZE;261
Car;PORSCHE;Panamera Turbo Executive;FULL-SIZE;261
Car;PORSCHE;Panamera Turbo ST;FULL-SIZE;279
Car;RAM;1500 EcoDiesel;PICKUP TRUCK - STANDARD;243
Car;RAM;1500 eTorque;PICKUP TRUCK - STANDARD;253
Car;RAM;1500 HFE eTorque;PICKUP TRUCK - STANDARD;245
Car;RAM;1500;PICKUP TRUCK - STANDARD;320
Car;RAM;1500 eTorque;PICKUP TRUCK - STANDARD;290
Car;RAM;1500 4X4 EcoDiesel;PICKUP TRUCK - STANDARD;260
Car;RAM;1500 4X4 eTorque;PICKUP TRUCK - STANDARD;260
Car;RAM;1500 4X4;PICKUP TRUCK - STANDARD;325
Car;RAM;1500 4X4 eTorque;PICKUP TRUCK - STANDARD;299
Car;RAM;1500 Classic;PICKUP TRUCK - STANDARD;280
Car;RAM;1500 Classic;PICKUP TRUCK - STANDARD;319
Car;RAM;1500 Classic 4X4;PICKUP TRUCK - STANDARD;294
Car;RAM;1500 Classic 4X4;PICKUP TRUCK - STANDARD;330
Car;RAM;ProMaster City;SPECIAL PURPOSE VEHICLE;232
Car;ROLLS-ROYCE;Cullinan;STATION WAGON - MID-SIZE;386
Car;ROLLS-ROYCE;Cullinan Black Badge;STATION WAGON - MID-SIZE;386
Car;ROLLS-ROYCE;Dawn;COMPACT;400
Car;ROLLS-ROYCE;Ghost;FULL-SIZE;400
Car;ROLLS-ROYCE;Ghost EWB;FULL-SIZE;400
Car;ROLLS-ROYCE;Phantom;FULL-SIZE;382
Car;ROLLS-ROYCE;Phantom EWB;FULL-SIZE;382
Car;ROLLS-ROYCE;Wraith;MID-SIZE;387
Car;SUBARU;Ascent AWD;SUV - STANDARD;244
Car;SUBARU;BRZ;MINICOMPACT;200
Car;SUBARU;BRZ;MINICOMPACT;231
Car;SUBARU;BRZ tS;MINICOMPACT;239
Car;SUBARU;Crosstrek AWD;SUV - SMALL;185
Car;SUBARU;Crosstrek AWD;SUV - SMALL;220
Car;SUBARU;Forester AWD;SUV - SMALL;192
Car;SUBARU;Impreza 4-Door AWD;MID-SIZE;174
Car;SUBARU;Impreza 4-Door AWD;MID-SIZE;210
Car;SUBARU;Impreza 5-Door AWD;STATION WAGON - SMALL;178
Car;SUBARU;Impreza 5-Door AWD;STATION WAGON - SMALL;211
Car;SUBARU;Legacy AWD;FULL-SIZE;205
Car;SUBARU;Legacy AWD;FULL-SIZE;185
Car;SUBARU;Outback AWD;SUV - SMALL;213
Car;SUBARU;Outback AWD;SUV - SMALL;192
Car;SUBARU;WRX AWD;COMPACT;263
Car;SUBARU;WRX AWD;COMPACT;236
Car;SUBARU;WRX STI AWD;COMPACT;297
Car;TOYOTA;4Runner 4WD;SUV - STANDARD;321
Car;TOYOTA;4Runner 4WD (Part-Time 4WD);SUV - STANDARD;321
Car;TOYOTA;86;MINICOMPACT;204
Car;TOYOTA;86;MINICOMPACT;232
Car;TOYOTA;Avalon;MID-SIZE;220
Car;TOYOTA;C-HR;COMPACT;189
Car;TOYOTA;Camry;MID-SIZE;164
Car;TOYOTA;Camry LE/SE;MID-SIZE;173
Car;TOYOTA;Camry XLE/XSE;MID-SIZE;177
Car;TOYOTA;Camry;MID-SIZE;210
Car;TOYOTA;Camry XSE;MID-SIZE;215
Car;TOYOTA;Camry TRD;MID-SIZE;220
Car;TOYOTA;Camry AWD LE/SE;MID-SIZE;190
Car;TOYOTA;Camry AWD XLE/XSE;MID-SIZE;197
Car;TOYOTA;Camry Hybrid LE;MID-SIZE;113
Car;TOYOTA;Camry Hybrid XLE/SE;MID-SIZE;121
Car;TOYOTA;Corolla;COMPACT;165
Car;TOYOTA;Corolla XLE;COMPACT;170
Car;TOYOTA;Corolla;COMPACT;165
Car;TOYOTA;Corolla;COMPACT;158
Car;TOYOTA;Corolla XSE;COMPACT;164
Car;TOYOTA;Corolla;COMPACT;173
Car;TOYOTA;Corolla Hatchback;COMPACT;158
Car;TOYOTA;Corolla Hatchback;COMPACT;174
Car;TOYOTA;Corolla Hybrid;COMPACT;106
Car;TOYOTA;GR Supra;TWO-SEATER;208
Car;TOYOTA;Highlander;SUV - SMALL;240
Car;TOYOTA;Highlander AWD;SUV - SMALL;240
Car;TOYOTA;Highlander Hybrid AWD;SUV - STANDARD;158
Car;TOYOTA;Highlander Hybrid AWD Limited/Platinum;SUV - STANDARD;156
Car;TOYOTA;Prius;MID-SIZE;106
Car;TOYOTA;Prius AWD;MID-SIZE;109
Car;TOYOTA;Prius c;COMPACT;120
Car;TOYOTA;RAV4;SUV - SMALL;184
Car;TOYOTA;RAV4 AWD;SUV - SMALL;194
Car;TOYOTA;RAV4 AWD TRD Off-Road;SUV - SMALL;200
Car;TOYOTA;RAV4 Hybrid AWD;SUV - SMALL;139
Car;TOYOTA;Sequoia 4WD;SUV - STANDARD;385
Car;TOYOTA;Sienna;MINIVAN;259
Car;TOYOTA;Sienna AWD;MINIVAN;274
Car;TOYOTA;Tacoma;PICKUP TRUCK - SMALL;263
Car;TOYOTA;Tacoma 4WD;PICKUP TRUCK - SMALL;274
Car;TOYOTA;Tacoma 4WD;PICKUP TRUCK - SMALL;278
Car;TOYOTA;Tacoma 4WD;PICKUP TRUCK - SMALL;299
Car;TOYOTA;Tacoma 4WD D-Cab TRD Off-Road/Pro;PICKUP TRUCK - SMALL;300
Car;TOYOTA;Tundra;PICKUP TRUCK - STANDARD;371
Car;TOYOTA;Tundra 4WD;PICKUP TRUCK - STANDARD;381
Car;TOYOTA;Yaris;COMPACT;155
Car;TOYOTA;Yaris (SIL);COMPACT;165
Car;VOLKSWAGEN;Arteon 4MOTION;FULL-SIZE;234
Car;VOLKSWAGEN;Atlas Cross Sport 4MOTION;SUV - SMALL;273
Car;VOLKSWAGEN;Golf;COMPACT;174
Car;VOLKSWAGEN;Golf;COMPACT;177
Car;VOLKSWAGEN;Golf GTI;COMPACT;203
Car;VOLKSWAGEN;Golf GTI;COMPACT;203
Car;VOLKSWAGEN;Jetta;COMPACT;162
Car;VOLKSWAGEN;Jetta;COMPACT;163
Car;VOLKSWAGEN;Jetta GLI;COMPACT;196
Car;VOLKSWAGEN;Jetta GLI;COMPACT;198
Car;VOLKSWAGEN;Passat;MID-SIZE;205
Car;VOLKSWAGEN;Tiguan;SUV - SMALL;221
Car;VOLKSWAGEN;Tiguan 4MOTION;SUV - SMALL;241
Car;VOLVO;S60 T5;COMPACT;208
Car;VOLVO;S60 T6 AWD;COMPACT;219
Car;VOLVO;S90 T6 AWD;MID-SIZE;223
Car;VOLVO;V60 T5;STATION WAGON - SMALL;208
Car;VOLVO;V60 T6 AWD;STATION WAGON - SMALL;219
Car;VOLVO;V60 CC T5 AWD;STATION WAGON - SMALL;220
Car;VOLVO;XC40 T4 AWD;SUV - SMALL;210
Car;VOLVO;XC40 T5 AWD;SUV - SMALL;219
Car;VOLVO;XC60 T5 AWD;SUV - SMALL;232
Car;VOLVO;XC60 T6 AWD;SUV - SMALL;240
Car;VOLVO;XC90 T5 AWD;SUV - STANDARD;232
Car;VOLVO;XC90 T6 AWD;SUV - STANDARD;248
Motorcycle;Motorcycle;Motorcycle;AVERAGE;119.6
Bus;Bus;Bus;AVERAGE;160
Train;Train;Train;AVERAGE;80
Car;Car;Others;Others;200